"IC50, mM","CC50, mM",SI
233.6366986646334,741.2328172775038,5.377473288367257
0.2812581792507045,58.46247345641155,450.2171527296417
10.228551701436494,106.07694783766624,17.544406214330447
36.347522745935215,140.67736188589714,5.55376975174521
56.76378749755836,1.031033969072967,0.9603370859123936
42.555416265045906,177.15187564060003,4.738191431065548
164.82453000854613,465.12977278274815,3.6239490826821568
34.822205171712085,52.53335151432593,1.6862534654752173
47.53569223628358,282.6553268139982,5.969294710348449
68.23997504503534,569.5962527780886,10.035720303201643
33.40570768159679,115.05666035083614,3.2941782946262377
133.40065613590588,1772.0682207987206,12.800876591718284
34.18269785139608,3282.681842620677,88.87558162630998
40.1748307777422,113.92721201122535,2.703706344362936
92.12118795381765,358.84169034488104,4.368939958321743
33.389985618667446,148.29369906639516,4.131839779437178
144.07978440313445,371.873524890197,5.262749209392956
4.050277515953854,123.37077964240544,22.989907399803588
59.457163542514316,18.251185366560936,0.521331115845076
455.87300293285097,1093.4516789078277,2.971005871257853
3.1344119159083794,28.66570153695867,11.617443006627687
262.68465870311434,502.02010615457476,2.8849073544304384
139.78200782011245,214.73654713659712,2.8822895786475424
0.3930879416342943,1965.4397081715997,4928.53654842034
35.146624397682956,174.4295056405754,5.560834733061723
5.824248606141581,279.988946780437,48.59553681198202
13.781298703435075,172.02292753257188,12.227676033665471
109.48988028055493,544.5571169523816,6.387423235744516
35.933731220481626,144.64016180622616,5.820457699871277
683.6439462649957,743.4631658859281,1.3225218936678216
70.7381270367267,735.8853042024213,11.411463754768098
84.18158624181116,140.8603216927953,1.44810176381983
26.318788832280667,268.4154084730232,14.703265223397826
50.592771938537005,197.53212943243406,3.9429024059707265
237.26606733307193,607.1418902503624,3.01236137133444
14.773384141766257,78.2124757480854,4.813301522698605
506.16048813987493,1377.969512013351,3.5257689000957635
283.2483763305164,1063.8764400609011,7.229836025541255
16.081852250568986,60.394005869266174,3.90052745380377
4.80703688886921,19.372809772161734,120.98709889197801
181.48563856605443,382.356344910863,3.9238777504799085
0.6127213875435549,15.109127220594548,53.22736079855477
99.0132926108905,134.9027905024305,1.3385829610320426
30.132793277945552,303.79827370413193,17.445813834315224
305.1482769003382,1304.0436233870105,3.8208915608173566
615.0511696770517,1095.8625796631347,2.264988839111829
16.94218621706851,132.0762567468172,5.061078675617215
105.57753590406381,396.60146958143287,2.5773026991074204
63.070953567942695,241.5787446236176,3.5678212053509695
43.73829319775352,240.21563073336185,13.140258176018696
969.8963376486689,1714.268712032126,2.0236596107523117
45.98170178710334,157.47112793413865,4.078996373600246
25.09896169805854,100.8819160029238,6.41848111690341
74.4671581947044,515.4432773271794,10.12700528062464
39.73089889220283,414.66878427928134,10.109418622861716
64.22421397464308,498.6870164536848,8.295243890774943
19.534015254029,1284.3467693662774,72.60077227519776
574.3155726950636,1061.9277883644838,3.0835085997358185
21.043728861265816,123.31520101807675,9.55902361154424
45.18403632937537,409.2097714962194,14.169547719167381
11.866957922609677,268.06589868047195,21.058684169047787
568.4167080890832,686.214791557273,1.2378402464132798
58.590338629238374,0.9774282730995574,0.48908384344081446
135.38958106718042,485.40254468513376,3.0956337045909086
7.82554245940104,149.8152246500477,20.451813986245423
13.39398406827226,659.9308164672942,44.89459889056128
13.566751995607413,112.28759224801784,8.657945998177405
1.0295426402614765,26.28119944413125,107.52899543103014
173.88888005352598,518.723884753236,2.3490732594470654
42.47410117602584,47.17103350146646,1.2880746489768349
279.6293536731708,640.0438141206414,4.885268137486043
210.2590181261031,1060.7435052499259,5.585906629332709
90.65969323524712,330.35705447637514,4.248019055077494
335.5329673706468,465.43476187496697,1.7818986939631354
25.269650709732744,97.24554970416438,4.472133861328978
151.96484628521202,617.7572611035195,5.100022318556702
26.241986657997586,223.37862215612213,6.505536298239489
26.94309653544074,888.1404442616966,36.93387883093439
80.43888845234123,647.1150635744654,8.628107310811377
22.256567697924726,39.252592342690804,1.66435109723303
74.33145047598225,241.2429248194388,4.412925151258038
21.942117714972625,131.67984695604838,6.1966708290691335
46.698348638344996,219.37947569933883,6.710106481684724
405.2878556029686,824.7538351602714,2.7337395601664616
283.0530514999816,1080.9605080211327,3.491528396928838
12.591874038616492,85.77033405812855,6.647930161804453
139.5054230480924,291.21949900035236,2.2312277666901346
285.60833060887984,563.5740112353288,2.489844736260757
17.92087199868165,73.59687655975297,4.201722161117392
19.410299791788027,245.82191273937173,11.993345369497122
116.66027453145887,285.36448435265953,2.8237118635137795
18.99088706295829,35.1681908243263,1.8761652867588383
3.61429763312111,1965.4397081715997,543.9722179002245
616.4794504960433,1239.8226878644778,2.3130163626752602
31.912446176481772,212.96294800560744,8.238025639322341
41.80242501423026,158.6559146506763,8.589115643633049
92.79227793537157,799.6925296143963,7.232689220363682
36.0849738214025,1059.5695397469897,15.12607080294227
82.27312972909091,261.2634745991925,3.153585570992485
14.826165312099736,361.5177462648834,24.617628543847072
14.268767460159495,63.18589810042772,5.394427025686006
120.00404764167192,528.7499374186654,5.632159566114714
929.3802996017838,1009.8837587679744,1.3214341047286564
100.04410305392442,269.28291848187683,3.5694748200649977
0.03374675365811628,125.15409282612477,3768.3178507919847
109.0828690450674,237.3727659089389,2.6832914914221484
113.25620583150113,352.3338374168318,4.308449421263037
44.98978541883087,384.56108390862016,9.508257875988335
31.55679448605879,142.0844513889617,4.082422858277251
3.2896691568109677,40.60211009000077,42.48945703617201
184.11260327867092,730.6353759176044,4.071833183572155
84.72354897793285,402.90124714858905,4.655992187687623
62.807472773428096,1723.5114923513536,27.523858433091057
64.85309876516553,239.75468173573142,5.5323045366309955
16.38257553962995,45.02257409693102,2.969124441511899
6.204314099327091,96.63941670560749,17.143903783447392
70.45951890995222,578.1277904507424,10.661109822497725
29.00740197690601,268.44564091406835,16.668963135490777
25.3481849681474,61.678686433385714,2.661065998601771
48.943399305742446,227.06575608683434,4.647227461268485
14.44384369682904,58.32653006771711,3.976996955396756
69.56576211787944,225.45408627579246,3.870981731695334
2.2881649849095815,133.19074149369436,29.003328989037215
36.944690373777746,57.78508986467308,1.6004809210554312
815.0357449863944,955.5705241147297,1.2667352231558802
70.05634939563203,232.659479384306,5.687179946459924
494.4061284385124,904.4765608076679,1.863967050475107
39.25055639827991,243.13524031048956,5.243697325434681
37.660392146821124,176.51806352804738,18.20289580995837
143.05877772214419,713.8309352008887,5.466750734713431
293.298854531413,842.1252190763051,4.526388438028784
19.940172848654683,89.90855258343393,8.551533414145764
51.64369774939486,115.80749666633207,6.879858429823918
2.152730636701593,17.12191684848143,9.13782616217505
358.1681563588335,1076.4817460331842,6.7929848225814835
29.498722643260265,30.989948496521357,1.0690642925414164
57.666103115207164,77.18419674890323,2.807325306048835
27.59077675485804,198.19578136293188,12.829515498112844
36.03701561510538,599.4650925267913,15.865907140769153
70.24284978364348,321.34676760429727,4.489329254132888
71.63169552006012,411.0217507021175,6.117752319607882
14.550578070848724,758.8854036295563,30.62075287508332
18.52630024103795,505.97968565986906,26.319790651737627
94.71308887135197,1002.886247364183,6.811460776205828
15.087121817990049,58.43748276052757,4.391420107548696
446.6961075560784,994.9429156599276,2.0587720185152705
33.02123320628623,238.94360641456478,9.189788813929223
41.3023559643026,46.30827140389967,1.3813532087501472
21.98996672674451,1978.9607950931616,80.34859740308927
38.458596228546696,65.09690493478234,1.850726195185918
320.1580240791033,557.0927373465569,1.570065869175004
44.30796864928508,136.5774953942505,3.8276233481492214
76.85956037298223,385.20272373963513,7.948263035785358
57.354232054945385,77.94585846175184,1.3729479450332462
225.20625955020148,910.675455174824,4.806758325538109
8.46814849764095,16.76696505073558,4.298958769597171
104.82394790517532,1345.697675288547,11.01968443654486
10.823603542775347,47.35350201659663,18.29134237261909
4.5231141060285776,19.18383919706927,125.67327553198903
82.8711709104524,387.1440513408532,4.801217990646393
23.05911021885371,179.6771977110767,7.020087622090347
10.764792355377683,10.545256437821742,0.9115143313395551
46.8681404398818,1129.886251497318,27.505346198045654
52.76633731965693,628.8351259959503,10.691423113048083
88.38655393279599,500.5911006979227,6.264565290759964
423.7834889609875,758.7096203400781,2.0672666117418044
11.308176365504162,26.035826298287347,3.6187952160852603
41.23173807674673,255.84055954178802,5.453013816468148
40.17088209354641,77.58104994046455,4.030330119700871
18.71980228358488,88.74653070184948,5.713952511269133
459.45762574608796,1071.017883625944,2.035040981862321
38.3206113667696,696.7191696993593,17.849019637240428
133.93272454445085,395.58788981515517,6.247978021940845
80.67266932316342,556.5034763963721,6.598798605580033
45.90007812658201,288.5204741039643,6.771541306536335
179.02778077838457,2297.456054879008,10.978107602669015
35.901424256675135,145.61003840194434,5.668195506103833
58.2438571099154,1881.4076355188129,32.777916161244804
369.56314104863185,883.1493824301203,5.076204224441957
157.52781924940783,1290.3151234521515,9.382237485117745
73.56791428754089,574.1138018578029,14.474651765790611
76.22167146845152,397.897318778494,4.354438071316172
40.185355639875844,465.26430168281564,11.478238814687138
0.15252621937396718,7.6808230117370115,128.76153446000828
46.80807868111027,866.3230537163947,18.16626133336439
34.443260241644744,171.8887558665084,4.0855028786937835
26.441477848498756,108.44968490199518,8.842268813773943
16.80004435535174,166.3224674550367,15.62130810154332
56.95110646653441,100.16577546384953,5.205412420108615
17.546024895625663,11.850814452812273,1.0149574398505532
4.557178284481459,2277.391556518203,481.9118693863701
69.52323887949238,224.37594771797876,4.513352514969734
679.8046752184439,904.929823977514,1.72590906346618
705.3164501754053,1194.2137321389987,2.1320673061832887
29.623174748313147,2123.812838438378,71.6187509645644
114.74164193873492,2150.359912286867,18.768582102908432
90.88923524176221,670.1097847034965,7.667128593389789
264.99266546613393,748.6493447673521,4.303041056534034
17.965454390041344,71.35965007838738,4.751225122580393
38.516867107991956,83.73278201445963,2.282998134939228
390.52755400151773,815.9946844298727,2.3297154472746624
64.14181838930112,364.5340892148994,9.620898425590164
36.19804556199609,182.89445407430986,8.16750553804142
50.009251682236105,242.4833827459066,8.267012691694186
80.97911707872271,2523.264086821364,29.988846785206434
61.090346774765685,422.31409294077974,6.442519721525051
25.374209375813635,127.70867428812247,7.291343810377645
51.63320996086977,286.6003494216133,9.559965981945247
221.96335436391084,435.6744563241547,2.214964816632819
307.18577322728214,684.6081019862381,2.1329480939109415
67.98664237996665,238.81231326677914,6.7123786998904835
41.44546002799715,1849.340927141986,46.238226089539666
202.82552763777676,1143.5369188157495,8.795049192935277
136.1945611703471,420.2604884423197,5.400980233018559
58.74291927497548,265.28349677556275,7.352947898853779
277.97711330441365,682.4611541855797,3.470409411504087
1986.11429129341,3284.331113125731,1.8083769456612941
89.51588807809469,249.0296929970671,3.186490910801382
133.7962006619728,393.482987750676,4.54099925336695
19.660895086534463,156.1526545241873,9.488549862045925
27.59304910438852,29.424730793859478,1.0939775250308421
368.81924758081874,1064.3239093715604,2.9633179881111253
67.14089953913468,174.17527772273132,2.762018306149975
13.913674947525246,59.31603711324505,7.584614749302425
13.203142129795955,122.51867565141946,10.974974863173179
43.90900752242121,222.81646463317435,7.348427638944287
7.949271594723079,37.75890278190173,5.060782247911743
11.728146597472755,214.10104036584218,16.430338580536077
45.61184388886623,221.45488703148783,6.8934121829146315
54.478332264456256,90.53881009599444,1.7406370977124777
40.35301423395722,221.503929249148,5.8969062809541315
0.048745834469288915,103.36904886336256,2147.347196548188
9.69268185303606,12.704745403617721,2.035835167114993
105.29325107028782,181.86072459845437,1.9300463044157405
36.277178513807435,474.9421591062678,12.117726824812989
9.779567749171903,91.08872776356779,11.123544037546116
14.731309768694395,64.58468673127076,6.953949283849733
301.13329605658987,581.4735219388756,2.043163743755486
3.166183222638681,51.87263744070214,57.18357549304711
18.7530291570527,271.5458673155385,9.375092943205493
3.997202491461503,18.66010973908126,5.094419164260518
91.95283073365862,629.7416245603333,8.667532541879655
12.895751440680073,58.05903787989968,5.608565617884498
14.904095370131232,121.67620402080999,12.508897930962439
83.35325441083745,2502.7158083234317,30.368806703006527
559.2334201053756,1085.2527500961112,3.107268135806252
463.3574275219353,860.6128933116291,2.1591900904986145
309.92779848062855,586.9371711629959,2.3841323131571603
9.74039392361748,94.1335191793131,2.7458596089563545
611.6242596850831,848.0976486753977,1.5849800433557024
50.11525836425933,419.81461622852044,8.383078570076497
780.6309582039186,1006.9404590052875,1.6297656318251592
19.920869249447097,648.4654444972875,34.52958603849182
94.38814121284253,228.50058786288457,2.367536661916136
7.357357065989417,18.97725148336429,8.166979178796995
14.035877651384848,33.13593349457631,3.732836688751677
16.313403775629148,26.687714590038542,3.7473550141742384
11.292240294251792,133.42424065552837,13.937285402581663
38.118937751592085,530.988375373018,16.94550828655357
38.27291931654267,2.77791685411374,0.6973848018482307
75.85851209139737,87.69605478828952,2.0249595463836876
78.43950676236881,686.8493640922289,8.234078405659881
20.799874161064153,82.26160708637906,3.604708507111842
89.36147164229087,98.53619010028143,1.0263620984248205
58.4400593684901,321.31400922075545,5.472204118396444
68.33749920509035,438.6644082790924,7.263120967397983
16.798457402071488,63.42282939154529,2.843762517884023
113.03863468555441,655.0473924902864,5.582484584473101
20.086941518452765,128.84505645274675,7.824179701594554
14.161461556580694,379.01685495786387,24.338080239960735
220.69822919941686,278.68676296185845,2.69406661204147
23.898205192164156,306.56172913500626,18.758293039229624
0.0621752767569243,63.01425860965439,1022.0178503402033
96.92633842280934,526.0676374974752,2.5553151087384274
7.132695822188619,525.624241862692,80.15004518651637
207.43192398800778,557.5804724512615,1.9151892796455994
25.695628620344568,137.50401076505813,7.383808914723108
55.517635297922936,178.7996506766576,3.0082923405856548
202.00091601708655,755.855030948627,4.2017234114213124
53.583064988126615,430.3446929396271,6.338881860037374
80.1919943228913,483.5627687817422,4.867884518236584
57.02144001357548,87.29795858395075,1.8594334862162665
204.61730272355055,630.2417441192734,2.8180385428958745
90.32008765170443,132.1897674880683,1.941515746985544
49.65497452018302,655.4911417617828,13.47071642958967
47.40218071980158,93.83089548260719,2.12498713236323
46.208258751892416,379.82606112052207,9.209099498123457
28.504278766570987,1080.1789120704093,24.557039398289202
131.69763052374608,536.8056782422574,3.8820636218100733
657.3853549601638,917.2576771449832,1.5851002834717827
82.80581638605545,91.2332398002085,1.6034338470790002
27.988078085434683,2122.00117306809,142.84526988817126
62.573901409457406,243.75635637305624,4.527906283258817
37.06887075425415,147.41630148810543,4.9526151950139985
13.53462820506058,106.66953684728095,11.630450049350426
25.987485868202437,260.7534577195349,39.68271727922758
44.70392205574337,293.8725546511184,5.738318009248791
37.874898510896074,265.0485052825239,5.319674492998019
15.63687603592707,45.254638131338865,2.793810284360401
95.28801942826009,392.9146033553444,6.126926001303506
62.16402268291358,287.7553373212367,3.5582194707726664
259.7783348380324,3028.624883978646,12.846228100478822
357.75113449785084,635.5504999953864,2.3267751010700937
40.233970889863265,141.9396640366016,3.7473111379149877
23.70289828576102,1158.0768283083062,44.23691956292509
79.18330476191971,1883.480370367727,24.04972551442126
93.15353150727225,382.11876144203404,2.9220100898877632
20.69632374935743,36.08408505451508,2.350840037527042
10.876897867274803,45.20761676160401,4.699083820559048
357.8505284827372,400.45377616214836,1.54861074248041
9.085259624301065,180.86737647837893,15.184150112330933
114.04205979060364,2114.037762248222,18.562593725003786
334.9450712152891,1042.107714583239,3.1183732759007565
5.806145377484017,57.460905227459044,7.192843533175266
12.399875012367753,151.72758433160223,14.752430914229905
7.253035953279449,2.574688246545326,0.821942834739843
12.16020342869711,321.0465323550381,21.292770125851973
96.6255893304184,363.2711298796745,4.163331459720164
28.522123847820385,252.45328327392266,12.121232266037198
80.747664833371,653.499349675844,8.767737418948245
7.452213243328902,27.152752812444742,3.9608458836845895
31.631996000088627,937.934029696181,30.950082386593042
136.36350921709828,637.2282714708044,3.5142008668468945
13.258018407027302,6.511225963965573,0.9072314979105185
18.106115227610157,67.25290102806906,3.6707165374254016
56.41168437469899,82.80303756932395,1.4935546334795697
40.54848909278512,2252.4811367260713,47.256979043536994
317.5554795192683,933.1838018236085,2.6728418443770385
27.435564409330468,125.45932565861347,3.029751840760351
1694.4015225425728,972.809848303398,0.6267486162054305
432.6985802289939,739.967577346803,2.4163979619273475
747.0766942205403,923.1198258878869,1.5179604424721447
45.40826380689649,59.911734881110675,4.752983489604862
21.718057993836645,70.04936313174777,3.292090606604191
0.11154339114798585,11.144707672092785,99.84522122401471
556.529855327109,1162.3671627789558,2.498636737008839
118.78283099924661,454.7962311578594,3.7429791479864516
11.818348280964315,12.768132940396328,2.420651255805356
11.916275272521073,99.2540486208436,11.605951812522921
47.36402371838453,318.57264758582494,7.5334510189690675
30.072966493256402,339.61311784813955,14.198082050107669
0.4753465077250311,1944.1444589266337,4856.151171003725
16.520891808806883,269.4008360631294,29.697712635317995
94.4359082229509,2107.344122185987,22.399482159839742
21.44884960833812,79.79267324877013,5.3566810539592895
69.62423463541046,176.49427377236626,2.631754880570745
34.0743307430226,121.73427424754652,3.7283539099790595
142.6772836417336,419.449596597564,3.316915981176786
200.3335716028899,1933.0715096416359,9.545067048857431
157.3296878320899,903.3376689620802,6.799592333311794
513.7253667726754,563.0722924811926,1.2814025481891704
0.1104805354308711,3.9939186919341028,96.82910543425648
80.7790985469752,407.04809000318676,5.765599021306079
64.33927602904055,107.43246635713837,1.9123935265815057
12.782401248697653,441.9237259981206,33.454315110943874
15.90097783962996,15.280277641659435,0.9545496293387161
194.5485513866211,1035.3009033499252,9.563296830039528
59.27274746587335,207.00856861242303,3.210763748989028
56.43382542919689,413.4525914430997,8.20916612372736
310.8875727217534,1001.192466737219,4.152067005069793
28.001125385830413,213.1196489568059,9.182670238123261
121.96339354625223,384.63058773431925,4.048415252142283
137.56267817194993,447.20190867483313,3.3913917276414356
556.9544724624052,689.5132773403992,1.229222671332169
17.380790038129213,144.5433272062873,7.315621107412861
444.3308996942337,968.0545086091013,2.27665815862292
230.70548628362437,472.84240901161814,2.437834460211219
200.678432697897,526.2259414314375,2.923995757375987
52.687379799747426,251.23372279096176,4.710186181419702
49.222792650011,741.2186988921635,11.60171473227386
95.78994202938259,186.65879019888948,2.5987507328964465
9.371800115480083,51.0291500029254,6.522194688731141
19.310936659820364,74.33136532352172,6.151462681667158
76.48953206129357,862.2311441299285,19.072395938067338
50.510411364593274,449.5209844843116,9.369913882074325
30.380775196909205,89.80203177936883,3.77767029217277
165.30038173895724,340.02231985582904,2.566932693261101
95.8021585032781,341.7098309357788,3.4034313444990083
7.432169575140977,25.896078380398517,3.3808254762751195
216.53981904035254,1115.3482038535017,5.5521136455119855
2.667763311987849,92.35714499100489,62.317339221164595
25.415244869953487,452.31557783687833,10.09753920096355
65.5708315782685,101.48714970248265,1.410485948941484
56.75458727369727,360.0980150731975,4.657426259919103
178.02369382591712,609.1171349291429,3.6193834629498935
15.06604419464188,77.80079127060553,13.293364526948503
27.24784797632047,50.63003304023892,7.928705563649672
1899.0117922317543,3284.331113125731,2.0072638985953226
17.32366365551127,216.86843315046656,15.712161434778896
124.9753082510344,1137.6630496487578,10.003919287212168
76.18094348289098,252.83699519578127,3.9782721490963873
1.8105122481939646,58.03158407849135,41.812949728392084
55.30080128973296,158.16948439153677,3.270247803914102
13.81775786858907,206.1015559861636,18.292373414522533
19.903523563023818,142.42139116494366,6.250095677829117
76.00344210334517,204.95728409957871,6.319923584486397
90.05542120414056,309.53118982780995,4.9395394477557995
33.657963009311764,502.59617255493265,14.548355203861712
6.0551121989109875,29.023070922999867,5.420617979853214
30.821392822718117,34.2393596303082,3.6326627394817503
0.3581516360056595,14.266212658052265,158.4397783298559
773.8963763440462,421.4430534422375,0.7407413822697149
444.190321459783,877.9945223824586,2.2086242670473073
17.546471766150983,311.24583814058406,13.215851745017131
59.83644720154889,221.31534433297384,6.15471639885678
78.4096512882654,203.83945799710605,3.071055346504343
70.2742688077707,218.32044371494152,3.9338622655097746
63.065728853703305,201.90839575245846,4.097483354065948
37.66608027528252,407.98894433763786,32.15002297481973
164.29021326906332,324.07955300243066,2.7032375960695343
2.2781664641519987,26.181086713477235,54.55067320529689
0.02344573095162227,241.3360453476352,11678.036843371627
28.8924088486978,105.90453322290205,12.793556357479856
692.8433669711559,934.9956286240023,1.7920616680772996
163.05371351268337,386.8965875708075,5.480221485371261
28.157407093468308,172.10278362385006,6.745936997097637
149.7551740911807,265.0620716580218,1.782125242084951
483.2194878152659,1059.5289501338111,2.696691544448952
142.84704888933067,496.2385008844615,4.197609645658253
55.83957636172715,514.7291804923224,9.935387051661284
129.72239506919797,397.1073534198369,3.663611662620709
276.49140910578103,881.6275109976347,3.7670348167519787
13.372598702306957,226.053573362647,16.35031407413827
160.98618513293465,445.93241263611054,2.988873074951237
9.632630384040011,299.67440314662633,31.38663764602218
40.18342907450831,287.42697888027186,9.21068122891954
54.522907653773196,172.2132685849649,3.15279698541677
8.125685986603699,1592.7647865315437,191.64942519901993
41.96096411099154,275.72166312300317,6.179906529824285
36.30928164676428,80.2305038777805,2.216346786828936
74.80756966374032,105.18028337831628,1.0691354097924672
20.437070511025635,94.52445753482338,6.60355254627287
27.308732247484244,781.6702051920065,41.5094425701264
2.0563574624711083,142.53188642828832,102.41261969401897
0.49442226993644006,33.98610527595882,89.0393585075704
53.522095997354654,325.25278705368567,11.355397553889246
236.94277006672934,661.6851443432287,3.837699681908404
41.914315337551635,539.105161658477,11.203324210413943
215.27805206347657,625.748731284436,4.621826039522149
418.9490930141956,599.8077432244365,1.509382689237262
73.02407159269976,398.44803230763324,5.366375223491475
68.06776617043137,237.4350748904585,3.302678496887599
547.2940522274823,813.7114155491983,1.5860792761533502
311.55197886234754,488.58642062676563,2.2113892249637694
83.74254637465509,184.35864456143187,2.7786926366311473
256.62342409303454,466.1715213502514,1.784983343222661
46.11078536035248,1827.7372343479387,39.354676188635565
97.71815076120463,506.43624384027675,6.293427408499389
27.407568202027754,396.1808929782601,17.19224260520722
9.694942603547371,300.68093616946516,31.666666666668135
92.28927648325937,333.3155674043511,5.3017866189290155
55.37003233017469,321.2546717648345,6.5652414842112155
20.515787476127556,9.979544983708767,1.2183664301370056
9.852233639060538,96.1128768082657,8.469717163083123
12.08442456427936,249.07528949687298,27.860021858672283
48.678383921222355,93.5714054452821,3.4344720193366767
12.124244434857857,404.1249322909748,33.13908947786094
153.69510258882397,339.5201694337002,2.7603516959965124
3.5972057074861716,28.263852794117124,14.645380298450037
246.695758190543,1435.1652722757417,6.218005258643017
39.78031475911977,134.91161681038705,5.896934335535227
47.31292567805336,123.99441312408148,2.8753209708538017
1306.6169051139937,1331.320900175918,1.0336750927955056
41.282993572974505,433.81123103688446,4.8431659499281015
32.81133921323438,44.68104424080563,1.5031772525964402
27.479493341864924,39.366297341724014,2.478594175223211
20.95602708476644,137.02227062011724,7.897276258350145
154.93441792443312,460.0659043614086,3.4548821064270694
21.196613708490965,483.17307840275225,17.38318832765436
16.773954420391608,1828.201866880385,136.32814985317884
31.521624374236097,91.87345077611798,3.335768664241173
352.70499976836845,1139.9403431636383,4.172226697845594
38.13256988288327,277.7004887938606,9.674807553185397
6.816202632116624,218.83337579366437,29.353424374441513
26.39777706905847,213.8307604373536,7.762822536970559
123.07762155785964,517.4731677200886,4.117961771892475
1344.5698632695398,1348.1305360215226,1.025206796654209
13.30991628793983,466.5837760652308,20.11827326311017
185.7172378837932,907.7059498734503,6.07971887351726
332.9738026279356,900.2167149134161,2.741476693188653
1.8079560620561934,16.772026924436236,41.64243560895875
58.12522508102766,341.9515058364087,9.446154253210423
181.00229685892742,695.702465248972,3.216219428557368
24.321870451920113,105.66206738994089,5.246257693610277
0.19463805681604598,22.118496471262997,118.06989687898066
237.2432839641664,950.5590286390043,4.79826157472799
0.9444833213680421,66.53547884563073,212.3137836418744
42.09131101499841,1789.157253377792,43.21147942433067
0.45723474474978815,37.145756515204596,56.53233062899737
1345.756137480489,1348.790568302453,1.0196993837121648
108.08977492307022,318.2928345540007,3.549443946131089
27.89636657980287,157.7581902090884,9.047884770191576
0.19949397451721756,21.62602190793826,108.07806123520716
53.93137789014205,144.3366540479066,1.4974885656234331
56.173585557761534,461.4243585029367,7.793513490319755
60.860810908862234,164.47574159971253,2.8192340273807948
280.70555991802587,1856.3756004948784,9.737215084440907
26.05907715700943,156.53631630218166,5.10812097246297
62.80264486004387,282.0848578456362,4.473791773348657
279.50706110691243,812.0549468036805,3.1329829742011936
50.6690572674895,1035.758785058488,38.729467779330136
32.327489327994165,227.8702159232662,5.996926469622162
25.90201471077828,192.873495162478,6.638624684906476
20.27046317892408,1308.2472867547035,82.4723762024577
95.32279362845857,246.09576124187558,3.520902360448412
60.872374888094534,504.2638664093855,11.362433342856889
353.386342499151,846.7151305253203,2.357394098166611
34.246048050319445,65.5393469108425,1.8525315512607858
140.75589089485405,625.1545915823338,3.3266919447426817
0.5523898395246709,76.60467550036556,107.82137143316352
40.14258049674094,384.8334659856767,15.889860541584085
49.35202110118863,225.93236789824152,6.152021023577506
37.28749490076775,170.92017273228947,3.9292134692627236
56.80432229314097,414.1718764445729,3.823040781569466
29.606884468282516,234.42134947082175,9.909207283814146
7.810365459920238,2401.2839205900696,309.865438123168
39.277318113198426,287.1243400132626,7.022771527978289
38.09929362159581,1096.4167225492045,26.60164897506911
175.98188169024723,696.4315782617941,4.018465780875148
89.11319448839414,463.4649130333644,5.525232719721509
44.59675195967346,248.4134918329708,5.573936582765743
11.672049910038329,171.65177414192607,15.828263977126209
10.120588515487752,1271.145366295411,66.74649952898541
19.669428702513144,63.68020849929515,4.928259225696312
143.45716437484896,236.00132361878613,2.029932416612344
312.93180396256247,676.0672601201286,4.236658704412489
451.11242133812055,554.7664462881422,1.3584963911726433
465.2198707298841,895.5604598953347,2.0249221112379483
60.67356779480258,615.6263997538147,12.950416190749644
23.124648325808685,188.79267624240163,2.844728900691805
93.93244822253865,100.20141767223984,1.0487945432941328
105.26741761227426,88.08614032057118,0.8397893299813493
109.5098656309877,467.828239222391,2.9855472216181766
10.756459794264902,325.7739063407388,31.004607791217396
69.02900069757496,62.6694813644839,2.3749299626227054
83.83630746592577,420.26751542958186,4.837535013954056
415.68592294937565,411.349476224395,0.9792994788915639
15.902333305249435,366.39828199307254,97.45677093495087
9.830378950364834,2.1487695834799125,0.27594885938065833
86.92610183849938,200.44798622291418,2.5453717991859413
8.211871718577006,102.53641909929298,15.118441222302721
18.49048734603032,184.9712166439736,11.582809951229752
178.2361026867056,354.7315927505343,2.385014527483525
29.89551988628546,327.82361812546225,14.000197851390157
23.803990616757496,42.98452808841978,2.083316787597509
89.0877689030693,175.3476635807814,2.7311308228272275
18.461631537144065,140.4051770957143,21.207512799744983
35.45991443442412,184.47787512246865,7.008815646199199
2.729599247760363,132.7554842761571,52.024093811806054
42.18174455963672,443.40480819199087,7.019748131435556
320.4960957917257,624.1240417736549,2.1890361763353656
1003.1374824292352,1064.6883265569088,1.0216779308449184
111.52181542794706,578.7109650261134,6.7276640030289325
186.6642773462466,707.5085675943801,5.1929751060135825
63.61348317806764,113.07956172640861,1.3135346962203154
39.7193374206537,125.08251809500669,2.3641330737879462
101.15260848622505,345.52663895186276,5.790388960443011
32.23542934154167,305.80595096991027,15.55753555538639
11.959120161689423,207.43884221511178,19.842657226656605
31.02368344401105,328.3728604044098,11.161555796870257
62.1361520171988,405.0004854087968,8.161845624923298
32.65314880893369,361.55975984470354,15.853262842330317
53.24619791378437,258.4952565399057,11.759514566340437
138.3599433787961,522.5839463829136,8.881241256091773
39.73031364550996,180.9711918729379,5.270201720600498
157.59373217093474,466.1900818132623,3.2887040488399677
18.419231504274737,154.96362998153097,13.199053102507456
38.623038204124725,138.15655568307145,3.386710478607676
54.919332909553084,351.090218682285,6.594263759922742
52.86896960432658,353.0062692232343,6.568279703477712
169.02963315739697,520.0260434964495,5.241775274726673
26.30141740262804,1186.627053344014,50.67319550826558
6.13078188741697,99.9731625939812,16.4171068620699
39.40839039125212,1806.0582838599512,44.791705242840855
20.350112912418254,308.9770856575433,16.946752541193465
10.018538537365314,15.718994217496942,2.3065286887146947
36.70565452175927,742.43875849125,22.738547451371126
24.8899844380096,163.93075773083368,9.667873891457713
31.262892250726516,1051.287829247101,46.53095590275231
99.66547383167035,263.3022061815637,4.017898653083724
178.52025016448982,363.38089534305453,2.7646832716809273
56.30550575314776,373.77706953851145,5.640074953808389
476.7116660085292,888.9039798455963,1.9387631161345866
15.916402333205465,21.010125535602786,2.4501792403449745
14.460580242936995,31.622640948673627,2.1095676642416876
256.3765963091783,532.1829343723921,2.4256542034972757
55.18076117818971,51.07414993285085,1.5997392577339964
161.87999299512327,476.91868793617346,3.006267393265433
7.238772376416767,54.21395929841441,13.742770140519205
417.62797844426586,556.2435643918333,1.6251908732625857
27.746264993155652,612.403915025752,25.19683742940292
83.17864369856805,393.86853364555816,5.904490277850863
34.96554614508876,355.9688710411409,6.208260343915694
0.5706409566712844,13.971767285167319,107.0865779122005
14.920002889506451,379.253149075156,27.06378004300393
3.050181177089148,1.0460071901207089,0.40193110568102147
11.304988311978983,335.2688713992318,29.765684178884232
0.9806755641501776,752.6207824016674,784.0117392966699
32.69688821072249,192.34546829931713,5.625731488954516
3.641317979066071,24.794460574930167,5.774853583622435
163.66256914732799,386.1397661740146,3.1491059478067838
333.50557217862314,804.5380358065174,2.217136439361558
263.78541838930306,535.6577239351468,2.581740089613166
81.97818785845826,423.1317285314281,7.042219165616887
284.8562257468347,911.4258446214662,11.06653792313078
726.2569399804859,1227.5381389137078,1.956498013189977
67.98748983737387,138.65283241334575,7.406331920251731
12.122104933825268,42.81690741554886,5.431739525959285
49.12725955783398,101.84048519401742,3.549218455462263
145.06254006421128,509.3872212087626,2.9543387408838
214.1900805447442,905.9957202521057,5.283366535528586
199.3047673382772,458.51795432918664,2.3483918691027883
13.753909349833751,93.46892401335984,5.916768670213627
7.274365793706792,39.77597272462992,8.98219360864353
302.91157600453914,774.099815680056,2.856396453452079
10.16318217071323,196.56772931763476,27.106734977660903
0.17021664594051023,99.58714483146686,623.8103522920699
0.09130861082417006,43.149871035485184,2252.0853673436186
462.9190803225477,848.9692703239344,1.8018343996185626
96.09533291566342,259.800634054012,2.9376171201761347
5.670621928566144,792.1901841342407,116.3007702944578
27.55750262118883,54.21465669701057,3.416843678098055
28.799332767379298,118.99678966340572,10.119647170149648
31.083880317509866,163.13462137149654,5.131096773826106
31.015253423235492,126.37734795814617,5.772150292482773
56.40292157659041,99.99999999999635,2.0232606035151113
4.439515747980258,338.96121432020004,47.50625036640132
93.19288857254033,600.2985840003117,7.477245423355182
26.34359136369788,238.2967649423332,7.52297744086221
10.759358629197596,42.52644697427818,4.1956714259774905
45.48604558018378,281.1085800200834,5.608504294996019
19.60923328518489,65.5477929409285,4.314227929741265
60.933970476588755,283.9427014210742,4.434574143610913
67.79054591714743,39.02201495050953,0.6169548833710092
12.844304212518736,548.4769443140908,43.85371922887927
35.73321806765165,105.86064953842518,3.1431970296371645
14.66441507865738,84.63668626746632,5.322713110687832
45.91454355276082,53.89351571935173,1.1786008029019777
147.1175120274836,553.6893453625067,3.6678904334609115
9.012156305327212,1.372498853911539,0.17084713604985247
23.148269363959336,48.341355600131784,3.4293776111431784
80.78932597908705,109.73591759124872,1.3894276272853783
13.15939250744217,412.7925821085803,21.946271862057635
78.24123948175391,176.07409169587854,2.702143046945303
142.3219116863095,549.9876422490706,4.404025258177494
0.5602568984849572,0.8002227820225001,4.103194909778888
40.3646413092882,127.39415627419282,4.155144720484746
155.0213688894022,599.0459314935761,4.988540756828319
52.45969319738453,1278.9880721704926,22.589147782818817
272.74978505602604,663.3806513024456,2.0810886262210078
24.731471624982884,196.51233841836137,8.64146759102935
18.404410077993834,32.69870523834758,3.325354052835645
31.898902541600123,414.82556536028,13.837780553904773
287.20978230352074,673.9467414881747,2.5725792660003304
102.67115947971718,299.4539866463243,4.463315474044989
193.3894802073325,549.1466895102474,3.6696791862873486
99.99903550313985,100.862391112223,0.9999999999999947
6.030019394278387,112.87614418421713,61.22902314649223
86.44157403773825,404.3841112544756,4.490524970139938
31.29434857207722,76.72921212082989,6.374830849387626
82.07983850921815,423.368189928061,4.73329170224039
28.071400019440205,636.6848523391606,27.18435137669894
0.0616206039753393,197.5253168906321,9511.318964031923
0.15912785525064096,0.7981825958286424,6.909152287300696
127.99043834392876,410.2482152559943,4.104113195591078
74.97467551597548,227.7872717459339,2.471191890655025
443.25221424199424,468.5969887911044,1.120951271282951
48.351981684067916,464.98043075445094,13.358898796684581
10.269708709499076,49.556093000799756,9.14258014703763
40.45569251497541,50.25355921055633,1.6970854590402316
372.20721978163743,655.1811609978276,1.5940766777343924
61.8022339443647,347.9570501097413,5.611152336350746
13.810981800612838,703.3046493427445,64.64046144564654
13.409046767781348,382.9500925372486,37.326884365010244
56.449744584577495,30.792345453727958,0.5540508934680739
23.71460236060131,813.364886706326,34.316956296026056
239.52875002577184,611.0815863262998,3.484894113132829
3.460809254541842,87.38871795940054,26.663442083103003
54.587694193018606,449.75323411829044,10.074040557976083
38.3841880882868,135.43045557879498,3.4105192863410645
273.96447713445633,982.5294088085794,4.062366109190942
89.07351021164095,595.4054700303225,5.525451008658722
54.08159798402427,1411.8797969472246,10.207392139100525
95.81678213949338,100.00356341669858,1.0432437467396003
87.81638164577538,130.8666973016648,1.3727536663662794
9.355776872095328,1.4688890421524574,0.19066228493369045
146.37855733429393,554.8469654398384,3.8806097058132494
64.52635747873202,338.8993736062622,5.3116677116133095
262.04792590988285,627.9795669247144,2.4442547952658806
339.8563434785834,935.3711415381704,2.7676216899859387
15.524583111620455,173.89254326009075,14.88865762558731
72.07984377464719,328.63426114680163,5.833743881105036
74.94320163850227,339.5355794479096,5.229502087043656
56.627964991924046,329.94706290811683,7.901157351316209
332.9961614309422,651.3688431138994,1.8926288454293023
64.83412381993489,175.22382504260068,4.940490923656508
28.005066335161224,308.47710154055096,6.633124745197305
1.2420867335061097,101.6457300275111,89.73529065960818
149.0686673343757,487.06352442561337,5.095084314368342
5.164852080699785,68.45649372118861,23.781119913642264
30.553039085067212,30.576135922552407,4.8630333091625095
103.20143433537692,213.3673192746199,2.6783915756924004
69.97530675413782,243.07064995763398,3.4275762414043207
13.587865773756162,72.94537433135562,7.189510719544069
65.68465289106382,201.63759213171014,3.4766991916397574
354.98981337325296,907.839221519785,2.4530922691570516
134.59580194609552,313.01880379937364,2.458503786106046
50.93944094631892,85.88816416886567,2.4704466413129893
227.6044230800895,378.6344601936623,2.183332145225012
148.76601579086704,504.90689748326764,2.8452365740374206
106.0355160013666,469.64632714359516,4.347857732065202
33.751960195325665,106.26237884684582,3.296807081808155
3.770259148326791,2266.4888015046986,622.5893896092756
193.55225206921418,647.276593622833,3.3744754475711902
98.31638095179767,100.60880998303578,1.0055030455960288
0.17566516529196946,168.61823752650022,1103.1763711507353
32.362468197728184,1118.8278637821772,44.301951841723664
25.364567310508228,59.06068275557596,3.8077701398923347
12.072588379523065,124.69195441672572,7.9151337225879335
15.93219928634181,97.1250929060452,9.907773070139376
21.006309634877624,1902.250222844577,103.22363786698725
66.54674065586872,324.88070404075654,4.762836521492843
16.001254749321905,0.7449923177408173,0.07426019167251123
169.624624195729,361.3544373976032,2.329324836192928
118.15433925700502,2040.3248924595055,23.81978894565369
42.400519931240666,463.5349177799383,8.207615111376034
46.14580288971988,290.18319914353555,6.168050084131657
49.5546526672422,461.9763013675863,12.22544628188908
198.64615536728837,227.65438087626453,2.145865197190345
47.68834841515238,307.7635420061394,7.551029604114021
100.68445864201507,372.1173725729923,3.328124640927965
59.245553705195135,362.7222247957836,5.387044183148674
1.1800046098620052,75.17290359570812,57.60056267706683
174.14172303486345,561.3253801486348,4.083862597265599
218.6568138739661,847.6909346263072,5.561730720036679
282.54432777125356,826.731344634576,2.9025795591387253
25.747070684706063,174.05093219333924,7.141309051240867
18.330711947881504,215.841198299777,16.04229791329778
106.35115713723692,595.3388695313168,6.892198408929656
25.7277285546928,380.85264790593294,15.095575400138152
15.610546212132856,726.520474883294,75.95460597297057
163.87710197058746,360.6296106669747,2.8790350434298797
22.251101281665296,97.8472391188319,7.1973983496427785
32.035586068720235,86.19447579836726,3.5274209832831245
245.34230275286535,413.9037562194634,2.193621355584669
57.59295577296996,151.33688145656234,6.437107342923949
65.94138250878349,380.4577057148876,8.166262861974253
48.19410753101679,152.85435614510632,4.779024194622066
0.17935138100563383,100.31339701157258,560.2747014378743
25.542262285550578,62.07924038010898,6.4860691128429195
195.141502104897,505.64527809551123,2.151398557084758
